,ID_unique_lake,geometry,id,areaKm2,count,label,has_is2,ysort
0,12,"POLYGON ((2051098.1004856713 634046.7058540098, 2051025.2050828265 634024.1720268688, 2051017.6500921187 634048.6113934892, 2050944.7551019604 634026.0767423197, 2050937.2000885617 634050.5151503221, 2050864.30551109 634027.9796751278, 2050879.4147096542 633979.1045062889, 2050806.5197393135 633956.570812846, 2050776.3012515276 634054.3173160818, 2050703.4074994423 634031.7801928534, 2050718.516788624 633982.9088584404, 2050645.6226436195 633960.3735169441, 2050615.4039747692 634058.1123513657, 2050469.6182655417 634013.0348534492, 2050401.6140631954 634232.9263300357, 2050328.7238422798 634210.3798309522, 2050321.1666328236 634234.8108984942, 2050248.2768246923 634212.2635754558, 2050240.719592796 634236.6936844147, 2050167.830197449 634214.1455374252, 2050160.272943133 634238.5746878062, 2050087.3839605812 634216.0257168723, 2050125.165977933 634093.8834071788, 2050198.05630379 634116.4280354545, 2050266.0480138732 633896.5583893466, 2050338.9409011472 633919.0952451945, 2050346.4943486273 633894.6639658815, 2050419.3876485585 633917.1999977144, 2050442.0470498472 633843.9030140336, 2050514.9412994604 633866.4364846812, 2050537.598886039 633793.1360852649, 2050610.4940852474 633815.6669946894, 2050618.0463002878 633791.2324796364, 2050690.941912107 633813.7625650127, 2050698.494104449 633789.3270913673, 2050771.3901288705 633811.8563526892, 2050778.942298493 633787.4199204462, 2050851.838735518 633809.94835771, 2050882.045575905 633712.1982544222, 2050954.943230776 633734.7232617554, 2050924.7353167017 633832.4768395255, 2050997.6320420506 633855.0053658951, 2050982.5258009103 633903.8833520551, 2051055.4221335205 633926.4136602086, 2051062.9756681537 633901.9738435164, 2051135.8724134013 633924.5033276168, 2051098.1004856713 634046.7058540098))",+106669-103156,0.21233883746990478,110,1,True,634238.5746878062
1,21,"POLYGON ((2030695.432782188 638492.1581131725, 2030622.6810812894 638469.2834911275, 2030615.0731253917 638493.479746972, 2030469.5706967243 638447.7289036828, 2030484.7852299374 638399.3397688827, 2030412.0336844537 638376.4661482864, 2030442.4582011753 638279.6902585736, 2030515.2108367977 638302.5604116002, 2030530.421910428 638254.1701891728, 2030603.175233712 638277.0386532354, 2030580.3573732874 638349.6264516418, 2030653.1100217083 638372.4975612604, 2030645.503219081 638396.6941796942, 2030718.255737635 638419.5662010611, 2030695.432782188 638492.1581131725))",+106262-103394,0.03830469882693618,20,1,True,638493.479746972
2,5,"MULTIPOLYGON (((2038117.5090622809 641840.0416235364, 2038044.7525753728 641817.1292907695, 2038037.104727005 641841.4139855917, 2037964.348656334 641818.5008309847, 2037971.9962316803 641794.2170031039, 2037899.2400312033 641771.3047605394, 2037891.5927288774 641795.5877214803, 2037818.8369446266 641772.674657076, 2037811.189625983 641796.9566599575, 2037738.4342579676 641774.0427737199, 2037730.7869230278 641798.3238185459, 2037876.2972561822 641844.1533699842, 2037861.000626104 641892.7186539622, 2037933.7554613743 641915.6352311934, 2037941.4041941483 641891.3517678453, 2038014.1594456933 641914.2675232574, 2038021.808162164 641889.9831018387, 2038094.5638299761 641912.8980354256, 2038117.5090622809 641840.0416235364)), ((2037757.6502941137 641966.9281284355, 2037795.8941206872 641845.5203923419, 2037723.139298763 641822.6047722477, 2037684.8968375972 641944.008173757, 2037757.6502941137 641966.9281284355)))",+106217-103292,0.009609730001435,5,1,True,641966.9281284355
3,16,"POLYGON ((1948850.4835548482 645271.7486991493, 1948778.2243594748 645247.8234069058, 1948732.0878820613 645387.1481582507, 1948659.8305340132 645363.2177451989, 1948652.1404378465 645386.4373553916, 1948579.8835115638 645362.5061265898, 1948618.3297999417 645246.4114643483, 1948690.5881518833 645270.3383881465, 1948698.2768646462 645247.1183198295, 1948626.0182276035 645223.1922570423, 1948687.515688551 645037.4353008643, 1948759.7766060326 645061.354475442, 1948736.7162781784 645131.0166040913, 1948881.2368128293 645178.86025514, 1948850.4835548482 645271.7486991493))",+104995-104389,0.04996846975317067,27,1,True,645387.1481582507
4,10,"POLYGON ((1905815.6850941102 648204.3749562763, 1905743.6927932843 648179.8889974696, 1905751.4161784435 648157.180671489, 1905679.4237193188 648132.6956159148, 1905694.869094384 648087.2804035625, 1905622.8761852216 648062.7971090623, 1905615.153924718 648085.5039034049, 1905543.161440748 648061.0197964462, 1905496.8239465184 648197.2534830286, 1905424.8333466481 648172.7642744788, 1905393.9374401178 648263.5814603232, 1905321.9481409886 648239.088865924, 1905314.2237798662 648261.7920744834, 1905242.2349060168 648237.29866768, 1905188.1588467876 648396.2125457181, 1905260.1456773935 648420.7119570235, 1905128.7579581938 648806.6414596615, 1905200.7399579654 648831.1554980552, 1905169.812670907 648921.9620022287, 1905097.831839625 648897.4445329978, 1905082.3671573754 648942.84551688, 1905010.3870438118 648918.3263776964, 1905079.9669642807 648714.0267675876, 1905007.984355081 648689.5153932197, 1905015.7138128502 648666.8158336878, 1905087.6967141153 648691.3263503305, 1905141.7973891175 648532.4208508064, 1905069.812443682 648507.916338338, 1905139.3483508842 648303.6103577295, 1905067.3609113793 648279.113610564, 1905098.2575585868 648188.3119902606, 1905170.2461655939 648212.8053062737, 1905224.306926899 648053.8929229698, 1905296.2977100608 648078.3802797147, 1905304.019885704 648055.6772847696, 1905376.011094076 648080.1638290762, 1905399.1768731412 648012.0517186789, 1905471.1690902247 648036.5357348715, 1905478.8907672476 648013.8306562132, 1905550.883409511 648038.3138599464, 1905566.3265353625 647992.9017109176, 1905638.3198945227 648017.383244337, 1905646.0413433183 647994.6761739611, 1905718.035127642 648019.1568949069, 1905725.756597567 647996.4488746669, 1905797.7508070474 648020.928783133, 1905790.0290454223 648043.6376612331, 1905862.0230966692 648068.1184729431, 1905815.6850941102 648204.3749562763))",+104317-104913,0.1725483120801822,95,1,True,648942.84551688
5,9,"POLYGON ((1892269.0930759856 649287.4161291348, 1892197.188772029 649262.7438666669, 1892212.6610815665 649217.6499546665, 1892140.7563221236 649192.9794512362, 1892148.4917799358 649170.4332137641, 1892076.5868589948 649145.7636125778, 1892068.8516951434 649168.3089932539, 1891996.9472006229 649143.6385807183, 1891989.2120620988 649166.1830124314, 1891917.3079939988 649141.5117885502, 1891909.5728808225 649164.0552713065, 1891837.6692391497 649139.3832360856, 1891806.7272762668 649229.5528182656, 1891734.8249430528 649204.8774013923, 1891727.0890748436 649227.4187097296, 1891655.1871680932 649202.7424815414, 1891631.9788340493 649270.363283191, 1891703.8798586498 649295.0420816492, 1891688.4057048934 649340.1238686531, 1891616.5052684438 649315.443356699, 1891608.7680827715 649337.9832551664, 1891536.8680728355 649313.3019319269, 1891567.8140277443 649223.1452119021, 1891495.9129739327 649198.4673610983, 1891464.9681953215 649288.6206541441, 1891393.0684502178 649263.9394218143, 1891385.3318782675 649286.4766578777, 1891313.432559673 649261.794614268, 1891267.0092533384 649397.0109542588, 1891338.9068071253 649421.698138192, 1891300.2118629823 649534.3801694438, 1891228.315780149 649509.6887020043, 1891220.5762799343 649532.2239749056, 1891148.6806237164 649507.5316962454, 1891140.9411492094 649530.0660202387, 1891069.0459196158 649505.3729303646, 1891022.6051994613 649640.5717974979, 1890950.7118678438 649615.8736130701, 1890919.7471950925 649706.0009198191, 1890847.855173117 649681.2993542635, 1890863.337457805 649636.237598667, 1890791.4449795473 649611.5377918846, 1890799.1854248727 649589.0076323794, 1890727.2927846697 649564.3087277228, 1890719.5526336543 649586.8380305783, 1890647.6604201184 649562.1383147454, 1890678.6182362807 649472.0239765834, 1890606.7249779287 649447.3277328315, 1890598.9862208327 649469.8555990445, 1890527.0933891055 649445.1585441001, 1890519.3546578628 649467.6854614476, 1890447.4622527694 649442.9875953171, 1890439.7235474007 649465.5135638032, 1890367.8315689415 649440.8148864905, 1890360.092889468 649463.3399061209, 1890288.2013376532 649438.6404176328, 1890280.4626840954 649461.164488413, 1890208.5715589202 649436.4641887516, 1890177.6154381712 649526.5561232041, 1890105.725622686 649501.8524425069, 1890059.2851566882 649636.9824378056, 1889987.3972398674 649612.2736629412, 1889995.137694018 649589.7530842318, 1889923.2496150855 649565.0452114377, 1889915.5094553516 649587.5649335519, 1889843.621803136 649562.8562496356, 1889866.8405941022 649495.2993764047, 1889938.7291295363 649520.0054905291, 1889961.946388651 649452.4452175127, 1890033.835939514 649477.148807277, 1890049.3133592377 649432.1064509648, 1890121.203631112 649456.8083729552, 1890144.4186309949 649389.2415770425, 1890216.309918162 649413.9409746066, 1890224.0480090224 649391.4176682552, 1890295.9397228202 649416.1162546427, 1890326.890579559 649326.0186806464, 1890398.783602805 649350.713885898, 1890406.5209402575 649328.1884052485, 1890478.4143901 649352.8827992992, 1890486.1517533907 649330.3563697926, 1890558.0456298194 649355.0499526357, 1890565.783018928 649332.5225742664, 1890637.6773219411 649357.215345898, 1890653.15188331 649312.1585992285, 1890725.0469071174 649336.849702964, 1890732.7840793454 649314.3203346577, 1890804.6795297235 649339.0106271678, 1890827.8903182405 649271.4193990384, 1890899.786783544 649296.1071669293, 1890953.9379526295 649138.3850779611, 1891025.8366092646 649163.0668943293, 1891041.3065436918 649118.0008973314, 1890969.4072988746 649093.3207944166, 1890992.6093045834 649025.7236779017, 1891064.509431597 649050.4012106099, 1891056.775404128 649072.9345316761, 1891128.6753694704 649097.6129665622, 1891136.4096909952 649075.0787887555, 1891208.310082784 649099.7564123399, 1891223.778508381 649054.6860667598, 1891151.8775285105 649030.01015667, 1891144.1437440088 649052.5445187904, 1891072.243190565 649027.8677973892, 1891095.4428564524 648960.2670048291, 1891167.3442919718 648984.9411559773, 1891175.07727093 648962.4065174111, 1891246.9791328472 648987.0798572324, 1891231.5123183948 649032.150755735, 1891303.4137246844 649056.8258545067, 1891318.8811271589 649011.7532424851, 1891390.7832538763 649036.4266731733, 1891398.516846305 649013.8893721703, 1891254.7121372838 648964.5442697604, 1891293.3731315248 648851.8649503272, 1891365.2768896574 648876.5331949391, 1891380.7399954859 648831.459108682, 1891524.5490846985 648880.7923070244, 1891509.0848031496 648925.8698204409, 1891580.9889585192 648950.5382013341, 1891557.789640098 649018.1563507725, 1891629.6930460152 649042.8273474501, 1891637.4267146953 649020.2871996684, 1891709.330547008 649044.9573850007, 1891740.2637116627 648954.7924452327, 1891812.168852177 648979.4592488279, 1891796.702219174 649024.5436166013, 1891868.6069042613 649049.2121792262, 1891860.8728909036 649071.7550816805, 1891932.7774144842 649096.4245465379, 1891955.9795305275 649028.7929923182, 1892027.8850683752 649053.4599322171, 1892035.6188637214 649030.9150396959, 1892107.5248279413 649055.581168224, 1892099.7907386755 649078.1269175537, 1892171.6965414376 649102.7939483308, 1892156.2269690926 649147.886884121, 1892300.0377962724 649197.2245092305, 1892269.0930759856 649287.4161291348))",+104089-105077,0.5613767971277177,311,1,True,649706.0009198191
6,8,"POLYGON ((1857447.850308099 655477.9328940731, 1857376.2168185136 655452.6540300276, 1857352.785090062 655519.0494533716, 1857281.1526340921 655493.7680745058, 1857265.530765728 655538.0295176127, 1857193.899042181 655512.746477505, 1857186.0880137156 655534.8762059051, 1857257.7194359924 655560.1600995535, 1857249.9078425558 655582.2905884155, 1857178.2767215595 655557.0058412299, 1857147.02891605 655645.5234517115, 1857075.399130185 655620.2353362759, 1857083.2111757724 655598.1069268058, 1857011.5812184878 655572.8197107497, 1857019.3926990896 655550.6920617179, 1856876.1325715834 655500.1194742152, 1856868.3216936002 655522.2454162053, 1856796.6921259891 655496.958337714, 1856788.8812856788 655519.0833331147, 1856717.2521492632 655493.7954469603, 1856686.0073570625 655582.291083782, 1856614.3795558936 655556.9998294668, 1856606.5680001597 655579.1226524806, 1856534.9406302238 655553.8305905274, 1856472.441105847 655730.8029956205, 1856544.066064475 655756.1018853837, 1856528.4379445359 655800.3457626032, 1856600.0624300952 655825.6464051546, 1856584.432652796 655869.891616827, 1856656.0566652508 655895.1940121611, 1856663.8719871945 655873.0705994327, 1856735.4964310084 655898.3721871907, 1856751.1268869971 655854.1233754477, 1856822.7520636441 655879.4233021643, 1856807.121004702 655923.6738208291, 1856878.7457082747 655948.9755003478, 1856886.5616710472 655926.8494341181, 1856958.1868059898 655952.1503060578, 1856950.3705417346 655974.2772257497, 1857021.995505086 655999.5789970361, 1856998.5442258706 656065.9617576405, 1856926.9201670303 656040.6574259843, 1856856.5548057223 656239.792996396, 1856784.9335908496 656214.4810297281, 1856792.7527173143 656192.3560813174, 1856721.1313307176 656167.0450139687, 1856736.7681895627 656122.7965444896, 1856665.1463296628 656097.487229881, 1856672.9640620719 656075.3637088282, 1856601.3420304733 656050.0552935391, 1856593.5245996367 656072.1779611665, 1856521.9029994737 656046.8687383425, 1856514.0856066127 656068.9904593985, 1856442.4644378936 656043.6804290457, 1856434.6470830294 656065.801203535, 1856363.0263457552 656040.4903656575, 1856370.8433990283 656018.3704445816, 1856299.222490015 655993.0605060057, 1856353.9323719123 655838.224424597, 1856282.3094818925 655812.9205058778, 1856274.4948767065 655835.0393720247, 1856202.8724180502 655809.734645745, 1856195.057850832 655831.8525653427, 1856051.8139260812 655781.2415435426, 1856083.068201542 655692.7761339429, 1856154.6913050516 655718.0782081767, 1856240.6221365852 655474.7812637488, 1856168.995717278 655449.4885775701, 1856192.4249598852 655383.1354713258, 1856264.0522832873 655408.4255970506, 1856318.7134009462 655253.5924512204, 1856390.342963391 655278.8766482598, 1856398.1509414976 655256.7564017411, 1856469.7809350675 655282.0397910958, 1856477.5889508596 655259.9185980175, 1856549.219375552 655285.2011796833, 1856557.0274290089 655263.0790400398, 1856628.658284815 655288.3608140098, 1856636.4663759149 655266.2377277949, 1856708.0976628375 655291.5186940666, 1856715.9057915602 655269.3946612761, 1856787.5375095902 655294.6748198431, 1856779.7290796314 655316.7997061742, 1856851.3606263057 655342.0807641204, 1856859.1693575012 655319.9550242473, 1856930.8013352936 655345.2352744892, 1856938.6101040717 655323.1085880229, 1857010.2425129844 655348.3880305574, 1857018.051319324 655326.2603974936, 1856946.418609194 655300.9818085114, 1856962.0348284673 655256.7279703652, 1857033.6681410016 655282.0048522316, 1857041.4761563374 655259.8769400392, 1857113.1098999542 655285.1530141763, 1857159.9542617647 655152.3784659047, 1857231.5899421987 655177.6494644054, 1857286.2318074696 655022.7356171241, 1857357.8697254218 655048.0006862272, 1857365.67495241 655025.868910961, 1857437.3133013314 655051.1331722653, 1857429.5077732964 655073.2658011512, 1857501.1459510939 655098.530961896, 1857485.5335017252 655142.7976478658, 1857557.171207331 655168.0645616702, 1857447.850308099 655477.9328940731))",+103368-105483,0.6404294976842551,360,1,True,656239.792996396
7,15,"POLYGON ((1964744.554216176 656827.0110025189, 1964830.6294657968 656569.4808759119, 1964902.8564114464 656593.6162937434, 1964816.7779977093 656851.155887128, 1964744.554216176 656827.0110025189))",+104760-104142,0.020535012077195502,11,1,True,656851.155887128
8,3,"POLYGON ((1801608.9671432134 670946.4401211896, 1801537.8597516946 670919.958652638, 1801529.865139383 670941.4251989895, 1801458.758189277 670914.9429300199, 1801442.768828419 670957.8740423601, 1801371.662635294 670931.3901256928, 1801363.66788678 670952.8546916873, 1801292.562135084 670926.3699746167, 1801204.6064932328 671162.4645926289, 1801275.7087728928 671188.958629499, 1801211.7190709799 671360.6633418459, 1801282.8189505949 671387.1642033695, 1801258.8176452073 671451.5544393611, 1801329.9167032852 671478.0578893917, 1801313.9139226403 671520.9859310972, 1801385.0124749308 671547.4911224265, 1801336.9960996949 671676.2780422283, 1801265.8994425542 671649.7677678305, 1801233.884674128 671735.6204184226, 1801162.7894064644 671709.1068023181, 1801178.796670338 671666.1823620695, 1801107.70089667 671639.6704871962, 1801115.703829097 671618.2089711793, 1801044.6078653585 671591.6979903858, 1801100.61902082 671441.4706385891, 1801029.5209718775 671414.9656349056, 1801037.5212267933 671393.5050504736, 1800966.4229878571 671367.0009408816, 1800974.422671244 671345.5411083108, 1801045.52122599 671372.0443707154, 1801101.514060154 671221.8169434991, 1801030.41329502 671195.3196115126, 1801134.3626384553 670916.324443665, 1801205.4675072834 670942.8107615288, 1801221.4565092295 670899.885304418, 1801150.351009215 670873.400681091, 1801158.3448109936 670851.9386569232, 1801229.450626586 670878.4224329762, 1801261.424538543 670792.5699946969, 1801332.531742189 670819.0504284801, 1801340.524896333 670797.5862335035, 1801198.3099838288 670744.6271073882, 1801206.3022511764 670723.1645117647, 1801348.517794716 670776.121943285, 1801372.4949552827 670711.7285012035, 1801301.3861740977 670685.2523039295, 1801325.3600863672 670620.8605467259, 1801396.4698139546 670647.3342020491, 1801388.4784501656 670668.7990636587, 1801459.5879881433 670695.2736131566, 1801467.5796673903 670673.8079042247, 1801538.689646683 670700.2816532559, 1801522.705401483 670743.214670536, 1801593.814875705 670769.6901610697, 1801569.835643035 670834.0915146627, 1801640.9442966538 670860.5695940055, 1801608.9671432134 670946.4401211896), (1801522.705401483 670743.214670536, 1801514.7128952015 670764.6810363253, 1801443.6038623147 670738.2047453343, 1801451.5960531174 670716.7392268612, 1801522.705401483 670743.214670536))",+101910-106105,0.23471195597680347,135,1,True,671735.6204184226
9,2,"POLYGON ((1689559.3452690623 679505.4042254577, 1689591.7304941483 679424.8742895824, 1689521.4929764087 679396.6301192308, 1689586.2492194702 679235.5723127892, 1689516.0091273917 679207.3348853337, 1689637.3806549984 678905.3474182558, 1689848.1164222055 678990.0221779925, 1689823.8434077746 679050.4289399455, 1689894.087890007 679078.6564655405, 1689853.6263855316 679179.3366588168, 1689923.8693036428 679207.5684167527, 1689851.0204519376 679388.7942219377, 1689921.2604597872 679417.0335599985, 1689872.681742536 679537.8514444607, 1689942.9198490158 679566.0958515587, 1689894.3304746156 679686.9152841613, 1689964.5666793636 679715.1647601703, 1689940.2677431023 679775.5756844212, 1690010.503055733 679803.8277185245, 1690002.4025937743 679823.9653371447, 1690072.6376875215 679852.2182555215, 1690024.0278566882 679973.04696147, 1689953.794783041 679944.7890217613, 1689961.8966847025 679924.6519823289, 1689891.663392109 679896.3949268782, 1689907.865802203 679856.1222321661, 1689837.6319539864 679827.8668978581, 1689845.732462447 679807.7312425956, 1689775.4983953089 679779.4767925475, 1689791.6980191118 679739.2068662443, 1689721.4633964044 679710.9541373493, 1689737.6613872312 679670.6854987962, 1689667.4262089883 679642.4344910609, 1689683.6225669107 679602.1671403092, 1689613.3868331716 679573.9178537432, 1689629.5815582608 679533.651790846, 1689559.3452690623 679505.4042254577))",+99728-107435,0.2658326819823916,161,1,True,679973.04696147
10,19,"POLYGON ((1792384.5831718282 680602.1751471029, 1792313.655334022 680575.2425115834, 1792297.4357571977 680617.9556804813, 1792226.508686452 680591.0214022023, 1792210.288733619 680633.7324942686, 1792281.2151624628 680660.668462832, 1792232.5472708878 680788.8044903558, 1792161.6227679919 680761.8634510307, 1792153.5108831099 680783.2182722085, 1792224.4350649794 680810.1601566471, 1792208.2098897614 680852.8711992335, 1792137.286349975 680825.9276245792, 1792031.8020756624 681103.5289889307, 1792102.721440926 681130.4835496135, 1792070.2548052522 681215.8994465276, 1791999.3367247998 681188.9415056583, 1791966.8673029728 681274.3524748983, 1792037.7840984531 681301.3137958928, 1792029.6657856489 681322.6671414063, 1791958.7493114367 681295.7049753903, 1791942.5125650764 681338.409686173, 1791871.5968586036 681311.4458777189, 1791839.1215980176 681396.850758377, 1791768.2073019615 681369.883617508, 1791800.6812772977 681284.4821168559, 1791729.7658211575 681257.5184035838, 1791778.4672243583 681129.4183208348, 1791849.3846080673 681156.3769639919, 1791857.5009394197 681135.0257666674, 1791786.5832344843 681108.0679685429, 1791827.1594690175 681001.3147565442, 1791898.0787799328 681028.2683294486, 1791954.8770709403 680878.8038562317, 1792025.798754981 680905.7515612298, 1792042.025190464 680863.044865743, 1791971.1028642415 680836.0988509165, 1791995.439645956 680772.040617942, 1792066.3629353757 680798.9840974829, 1792098.8096996923 680713.5683865403, 1792027.885126151 680686.6282874341, 1792044.106339617 680643.9215422885, 1792115.0315551583 680670.8599511544, 1792171.8000340015 680521.3773831637, 1792242.7276214145 680548.3099236041, 1792250.8367071918 680526.9540393632, 1792321.7647407148 680553.8857821866, 1792329.8738929264 680532.5289561623, 1792400.8023725552 680559.4599013638, 1792384.5831718282 680602.1751471029))",+101371-106174,0.16300625279721867,94,1,True,681396.850758377
11,0,"POLYGON ((1694871.2320304061 693000.3843795434, 1694801.1440448246 692971.7267446561, 1694776.371221621 693032.3105541264, 1694425.9381879019 692889.0105771048, 1694442.4502290632 692848.6298205404, 1694232.1897771484 692762.6554246589, 1694273.4605479604 692661.7143389226, 1694203.3722595596 692633.0604792421, 1694211.625350621 692612.8728021963, 1694281.713980448 692641.5258267233, 1694306.472834541 692580.9597000724, 1694376.562606679 692609.6102673877, 1694384.8154183025 692589.4205266588, 1694595.0864674917 692675.3700127414, 1694586.8326317046 692695.5622589921, 1694797.103719755 692781.5146851287, 1694772.3376960866 692842.0983502904, 1694842.4272707878 692870.7517610927, 1694817.6580571223 692931.3370463833, 1694887.7467256356 692959.9930109668, 1694871.2320304061 693000.3843795434))",+99253-107311,0.1410455567007315,85,1,True,693032.3105541264
12,13,"POLYGON ((1699694.1710425972 695610.7296268878, 1699624.0837628574 695582.0459585973, 1699599.2176251898 695642.802172583, 1699669.3038795267 695671.4883462731, 1699644.4345445228 695732.2461766896, 1699574.349315679 695703.5574976363, 1699524.606181254 695825.0654806388, 1699454.523122139 695796.3718394757, 1699421.3575740987 695877.3718452711, 1699351.2760011505 695848.6749122941, 1699326.400332441 695909.4213740187, 1699256.3199038303 695880.7219843577, 1699231.4430895916 695941.4650516547, 1699161.3638054016 695912.763205354, 1699136.485845842 695973.5028782244, 1699066.4077061499 695944.7985753253, 1699058.1149124983 695965.04410029, 1698847.8822301636 695878.9289775946, 1698972.233415692 695575.2733064987, 1699042.3159875204 695603.965773094, 1699067.1807372544 695543.2294667605, 1699137.2644531545 695571.9194765745, 1699145.5525624433 695551.6730085154, 1699215.6367386468 695580.3622317171, 1699223.9249485314 695560.1148297962, 1699153.8404304807 695531.4264416989, 1699162.128057265 695511.1797761281, 1699232.2129171533 695539.8673291169, 1699240.5006445113 695519.6197296818, 1699310.5859646813 695548.3064960429, 1699318.8737925927 695528.0579627379, 1699388.9595730389 695556.7439424654, 1699405.5351886393 695516.244909344, 1699475.6217711603 695544.929267306, 1699483.909558818 695524.6787674826, 1699553.9966015995 695553.3623387964, 1699570.5721365644 695512.8593726109, 1699640.6599813735 695541.5413221278, 1699632.3719927757 695561.7936897421, 1699702.4596142964 695590.4765228911, 1699694.1710425972 695610.7296268878))",+99225-107239,0.24129477905521177,145,1,True,695973.5028782244
13,1,"MULTIPOLYGON (((1725444.0825586019 701880.1266153175, 1725373.893261224 701851.5748509174, 1725365.5300823 701872.1338477046, 1725295.3412454948 701843.5812959109, 1725286.9781618253 701864.1393566953, 1725216.7897856014 701835.5860175148, 1725233.5150275296 701794.4714689908, 1725303.7040841999 701823.0231354752, 1725337.152989352 701740.7894972868, 1725407.3435271517 701769.3378672824, 1725432.4286543087 701707.6590833258, 1725502.620332943 701736.2049931417, 1725519.3432063998 701695.0836329007, 1725589.5356856708 701723.6279188899, 1725581.1740313096 701744.1894852177, 1725651.3662908196 701772.7346565485, 1725668.0900347878 701731.6097514713, 1725597.897095026 701703.066252929, 1725614.6191787128 701661.9426221183, 1725544.4256791105 701633.400845326, 1725577.865546056 701551.1557338828, 1725788.4504868975 701636.7711741229, 1725796.8108612793 701616.2071379577, 1725937.2021038646 701673.2826699775, 1725928.8410493776 701693.8483789994, 1725999.0365112089 701722.3870548586, 1725973.9508572074 701784.0860934025, 1726044.1454192186 701812.6273274838, 1726027.4197443807 701853.7611944678, 1726167.8078692195 701910.8471551646, 1726159.4439839679 701931.4156119998, 1726229.6378868886 701959.9595022043, 1726238.0021122557 701939.3902089571, 1726729.3651855215 702139.1929566647, 1726720.9985793289 702159.7681048352, 1726861.3884326038 702216.8567178195, 1726869.7557190375 702196.2798968009, 1726939.9511664913 702224.8234403452, 1726931.5835399362 702245.4010977901, 1727001.778767735 702273.9455267475, 1727018.5144558814 702232.7884392944, 1726878.122760283 702175.7029760823, 1726886.4895563398 702155.1259556654, 1727026.8819321413 702212.2097460075, 1727043.6161490297 702171.0520603281, 1727113.813197819 702199.5923560907, 1727138.9137042423 702137.8525704907, 1727209.1118937028 702166.3904058731, 1727217.47857877 702145.8094414879, 1727357.8759992528 702202.8835862733, 1727349.5086340967 702223.4662235888, 1727419.7071850412 702252.0042059263, 1727411.3392345745 702272.5875799998, 1727481.5375659657 702301.1264477902, 1727456.4312227531 702362.8784811009, 1727526.628654427 702391.4199072586, 1727518.259042716 702412.0045553674, 1727658.6535874114 702469.0892275854, 1727641.9122677024 702510.2615703895, 1727782.305934032 702567.3497844203, 1727773.9342259741 702587.9374790919, 1727844.1308998046 702616.4824960687, 1727835.7586062916 702637.0709274245, 1728256.9391398602 702808.3470773505, 1728248.564560116 702828.9404275944, 1728318.7613975096 702857.4874606187, 1728327.1363174072 702836.893273928, 1728678.1240138058 702979.6249923223, 1728669.7473931343 703000.2233612689, 1728810.1426355215 703057.3180648151, 1728818.5199365066 703036.7180229563, 1728888.7180787663 703065.2646118414, 1728871.9625510073 703106.4662686484, 1728942.1601335513 703135.0145794962, 1728967.294077453 703073.209435169, 1728897.0954744343 703044.6636337006, 1728905.4726246267 703024.0625557384, 1728975.6715677837 703052.6075207388, 1728992.425811983 703011.4033924155, 1728781.827303609 702925.7736633815, 1728790.2030371516 702905.1739589294, 1728579.604593896 702819.5471806588, 1728571.229880672 702840.1443756879, 1728501.0309808783 702811.6013778565, 1728517.779481696 702770.408560956, 1728447.5800222857 702741.8672850974, 1728455.9535644774 702721.2715634507, 1728385.7538855653 702692.7311730942, 1728377.380683457 702713.3260582644, 1728307.1814652013 702684.7848804531, 1728323.9269438582 702643.5966832957, 1728253.7271660173 702615.0572274566, 1728262.0991971917 702594.4638157126, 1728121.6993230784 702537.3867240387, 1728130.070428764 702516.7948855044, 1728059.8703324916 702488.2572496645, 1728076.6111276879 702447.0749463363, 1727795.809227786 702332.9315848931, 1727829.2824337822 702250.5791653648, 1727899.4840879631 702279.1115862516, 1727874.3785314513 702340.878559959, 1727944.5792861723 702369.4135393297, 1727952.9483903511 702348.8238113173, 1728023.1496056246 702377.3580031907, 1728031.518804462 702356.7673389579, 1728101.720480285 702385.3007433295, 1728110.08977376 702364.7091428679, 1728039.887757946 702336.1765750007, 1728056.6249288514 702294.9947479283, 1727846.0175648406 702209.4023573388, 1727837.6501219743 702229.9908112047, 1727627.0448626874 702144.3963519781, 1727610.3112808764 702185.5679415944, 1727680.5122334815 702214.1010520147, 1727663.776990494 702255.2739158138, 1727593.5767178931 702226.7391324138, 1727585.209068465 702247.3245782675, 1727444.809564842 702190.2534854648, 1727453.1765342378 702169.6697125742, 1727172.3776129691 702055.5314606776, 1727180.7429770764 702034.950934015, 1727040.3435593767 701977.883774879, 1727031.9788752745 701998.4626285875, 1726821.3816722902 701912.8597477276, 1726813.017763011 701933.4359923551, 1726742.819276288 701904.9009602006, 1726726.0914022413 701946.0514775418, 1726515.4987049259 701860.4416561077, 1726523.861744447 701839.8689566347, 1726313.269110996 701754.2620851981, 1726321.630885327 701733.691795441, 1726040.8410332429 701619.5533313234, 1726049.2012024436 701598.9862877486, 1725698.2148963732 701456.3184910436, 1725740.0035669687 701353.5026904887, 1725669.804967057 701324.973460228, 1725653.0909138047 701366.0984062898, 1725582.893114181 701337.5675520307, 1725607.9628066823 701275.8824929585, 1725397.3670704681 701190.2977518435, 1725389.0117711262 701210.8570283836, 1725318.8137730467 701182.3280427121, 1725277.0353015321 701285.1187497039, 1725206.8391236402 701256.5856307081, 1725198.4830344443 701277.1426369692, 1725338.874830581 701334.2105967505, 1725347.2315997717 701313.6519176181, 1725487.6245573163 701370.7184002111, 1725437.4761873537 701494.0790184143, 1725367.281688547 701465.5407340822, 1725333.845902493 701547.7758086021, 1724982.8820151081 701405.0683927772, 1724999.5969972606 701363.9594187276, 1725069.7902142256 701392.4991312358, 1725103.2185996552 701310.2766425314, 1724892.6352291373 701224.6676886777, 1724884.2795202888 701245.2209509796, 1724743.891888287 701188.1468868289, 1724752.2469170676 701167.5952973487, 1724611.8590862385 701110.5231016595, 1724603.5047375236 701131.073018324, 1724533.3113425926 701102.536157433, 1724541.6653512758 701081.9870771744, 1724471.4717366076 701053.4511015927, 1724479.8251604128 701032.9027581996, 1724269.244018063 700947.2976340724, 1724252.5389657563 700988.3892028985, 1724182.346172242 700959.8525865113, 1724190.698480775 700939.3076882603, 1723839.7346169942 700796.6295216754, 1723823.0331554431 700837.7108547296, 1723682.6498117903 700780.6365847405, 1723690.9999848742 700760.097640736, 1723620.8081533618 700731.561415447, 1723612.4583203122 700752.0995230683, 1723542.266949064 700723.562510277, 1723533.9172113328 700744.0996820247, 1723323.3448390178 700658.4864277786, 1723314.9958767295 700679.0209909196, 1723034.2357566992 700564.8673240003, 1723042.5833587858 700544.3361063222, 1722972.3932892028 700515.7986481235, 1722964.0460271654 700536.3290294395, 1722823.6669286313 700479.2525869065, 1722832.0135105732 700458.7238783106, 1722551.2553953074 700344.5749249622, 1722534.564707221 700385.6255518678, 1722323.999422653 700300.0093316924, 1722315.654731943 700320.5319869538, 1722245.4668840878 700291.9925082502, 1722237.1222889095 700312.514227741, 1722096.7476337205 700255.4337442019, 1722080.0590701227 700296.4735395721, 1721939.6862557414 700239.3899061054, 1721931.3422873819 700259.9079820089, 1721720.7849868822 700174.2803891705, 1721737.4706385469 700133.2491558432, 1721667.2844317113 700104.7083952012, 1721642.256607823 700166.252587137, 1721572.0715413652 700137.7093663949, 1721580.4140536676 700117.1955714648, 1721440.0436007667 700060.1109490889, 1721448.3851884387 700039.5987273701, 1721237.8293892995 699953.9746689276, 1721212.806953982 700015.5035091807, 1721142.6229480293 699986.9597451171, 1721125.9407828168 700027.9768024264, 1720985.5744915574 699970.8860756216, 1720977.2337226777 699991.3927826295, 1720907.0510972461 699962.8466561832, 1720923.7317103776 699921.8348153426, 1720853.5485247017 699893.2904102731, 1720828.5282589172 699954.8055136323, 1720688.1642884817 699897.7118322956, 1720671.484250302 699938.7180592393, 1720601.3031254362 699910.1696192727, 1720592.9630800632 699930.6717474207, 1720522.7824153842 699902.1225200169, 1720514.4424659046 699922.6237125354, 1720444.262261416 699894.0736976992, 1720427.5823100072 699935.0741121148, 1720287.2236218217 699877.9708839245, 1720278.8839601416 699898.4692695959, 1720208.7051362472 699869.9168924919, 1720200.3655705422 699890.4143425601, 1720130.1872068497 699861.8611780418, 1720113.5080231999 699902.8541076153, 1719762.6214066283 699760.0806550139, 1719754.283149731 699780.5727896881, 1719543.753639939 699694.906795194, 1719535.4161596498 699715.396321909, 1719324.8887500106 699629.7282580308, 1719316.5520463854 699650.2151768213, 1719035.8518733825 699535.988430032, 1719019.1804560507 699576.9552801433, 1718949.0063931108 699548.3970430689, 1718940.670658631 699568.8794829615, 1718870.4970558712 699540.3204585053, 1718862.1614176352 699560.8019629046, 1718932.334680089 699589.3618235268, 1718915.6619908235 699630.3262066622, 1718985.834692517 699658.887788398, 1718969.1603463346 699699.8534464944, 1719039.3324872372 699728.4167493379, 1719056.0075141038 699687.4494189324, 1719126.180455584 699716.0110982656, 1719134.517943228 699695.5264478822, 1719274.8648665496 699752.6482806265, 1719283.2027907406 699732.1618585617, 1719423.550874348 699789.282214182, 1719431.8892350479 699768.7940204152, 1719502.0637970392 699797.3534352562, 1719510.4022539074 699776.8643059523, 1719650.7524182845 699833.9816096941, 1719659.091311593 699813.4907086574, 1719869.6184785862 699899.1645217793, 1719877.958148579 699878.6710127953, 1720088.4874160131 699964.3427566554, 1720105.1680650315 699923.3504233408, 1720175.3454079858 699951.906096515, 1720183.6857064103 699931.4089445749, 1720394.21947592 700017.0737483676, 1720402.5605508478 699996.5739883842, 1720472.7390542435 700025.1281844027, 1720481.0802251399 700004.6274888021, 1720551.2591887733 700033.1808974157, 1720559.6004556175 700012.6792661925, 1720629.7798794848 700041.2318873965, 1720638.121242257 700020.7293205427, 1720778.4811304652 700077.8330369474, 1720786.8229293549 700057.3286982109, 1720857.0033936983 700085.8797934077, 1720873.6869388968 700044.8691452395, 1721014.0495884551 700101.9681370995, 1721022.391674915 700081.4609913967, 1721092.5735199326 700110.0097243082, 1721075.8884222794 700151.0255888344, 1721216.2511116897 700208.1265462101, 1721232.9375700993 700167.1073366269, 1721303.1197752596 700195.6562160383, 1721286.43263647 700236.6770981543, 1721356.6142813095 700265.2276989399, 1721373.3021004803 700224.205144288, 1721583.8497965406 700309.8522220827, 1721592.1943600453 700289.3382867943, 1721662.3775057278 700317.8865741354, 1721654.032602045 700338.4013457035, 1721724.215527633 700366.9505181721, 1721715.870039314 700387.4660265808, 1721996.6015818524 700501.6665501015, 1722013.2950355127 700460.6287435825, 1722083.4789017811 700489.1773240354, 1722075.1319570183 700509.6971133115, 1722285.6832559854 700595.3456567049, 1722302.3789420682 700554.3009609359, 1722512.933363285 700639.9449263468, 1722521.281860011 700619.419920349, 1722661.652755211 700676.5144690229, 1722670.0016876792 700655.9876909258, 1722880.5599521464 700741.627371545, 1722897.2591241603 700700.5684989836, 1722967.446132944 700729.1134842958, 1722959.0963291097 700749.6438066482, 1723099.4700269417 700806.7355965608, 1723116.1707505146 700765.6715070448, 1723326.7342395128 700851.3045405382, 1723335.0852546801 700830.7698375141, 1723826.4066506599 701030.5761056789, 1723834.7598019394 701010.0354486925, 1723764.5703302834 700981.4923857719, 1723772.9228966997 700960.9524656129, 1723843.1127084615 700989.4946921744, 1723851.4653702253 700968.9538361265, 1723781.2752183678 700940.4124459282, 1723789.6272952864 700919.8723267219, 1723930.0083994197 700976.9534832784, 1723904.94939384 701038.5785605116, 1723975.1391059868 701067.1217212295, 1723958.4311981865 701108.2062810872, 1724168.9990154325 701193.8410748143, 1724185.708963971 701152.7514968042, 1724326.0894706277 701209.8382583909, 1724317.733938522 701230.3847699026, 1724809.0671200221 701430.1958308992, 1724800.7089621667 701450.7480974139, 1724870.8995577495 701479.2935667689, 1724862.5408148556 701499.8465700573, 1725073.1123030966 701585.4857808336, 1725064.7522948328 701606.0411936224, 1725134.9426914167 701634.588531461, 1725109.8601765113 701696.2566811992, 1725039.6708004575 701667.7068342747, 1725048.031543512 701647.1517203456, 1724977.8419476033 701618.602758723, 1724969.4815447344 701639.1570362955, 1724548.3485370656 701467.8592761541, 1724539.989930442 701488.4084360205, 1724259.238358735 701374.2075625396, 1724250.8808680584 701394.7532774609, 1724040.3194727728 701309.1006270637, 1724031.9627579062 701329.6437334171, 1723821.4034655683 701243.9890143228, 1723804.6913428148 701285.0699103925, 1723664.320443357 701227.9636636502, 1723655.964695322 701248.5022897156, 1723515.5949572588 701191.3945660167, 1723507.2396449803 701211.9314199159, 1723296.6869602506 701126.2676922978, 1723279.9776431115 701167.3360836669, 1723139.6111486806 701110.2238313038, 1723147.9652490672 701089.6913579644, 1723077.7818418834 701061.1361414228, 1723069.4280817572 701081.6677784794, 1722999.2451350198 701053.1117745561, 1722990.8914705152 701073.6424757924, 1722780.3443721868 700987.9722485914, 1722771.9914838814 701008.5003414755, 1722421.08375798 700865.7134260228, 1722412.7323265 700886.237238072, 1722202.1901535352 700800.5631666837, 1722193.8394983816 700821.0843704663, 1721983.2994274138 700735.4082302694, 1721966.59942538 700776.4453218724, 1721756.0624772182 700690.7646041448, 1721747.713130424 700711.280492009, 1721607.3564460904 700654.1585854399, 1721582.3089809814 700715.7006347721, 1721933.1964874198 700858.5183110663, 1721916.493551513 700899.5542086103, 1721986.6707323606 700928.1195629443, 1721978.3185572983 700948.6381986516, 1721908.1417168316 700920.0720081091, 1721899.7896376671 700940.5897080887, 1721759.4369978164 700883.4558012633, 1721751.085354971 700903.9717293232, 1721680.9095555851 700875.4040130447, 1721672.5580086876 700895.9190053961, 1721462.0323522598 700810.2136413013, 1721453.6815821666 700830.7260255805, 1720962.4616356418 700630.7427001826, 1720954.113004107 700651.2491317374, 1720813.7662091877 700594.1098062731, 1720805.4180141704 700614.6144660196, 1720735.245137181 700586.0440404251, 1720718.5486950604 700627.0513891767, 1720858.893207276 700684.1956338568, 1720867.242231398 700663.6903369108, 1720937.415007995 700692.2616964005, 1720945.7641282245 700671.7554638109, 1721015.9373652996 700700.3260360116, 1721007.5879046265 700720.8331047628, 1721218.1073147634 700806.5476231024, 1721209.7565883712 700827.0571008432, 1721630.7966074727 700998.4924743527, 1721622.4435938927 701019.0068695636, 1721973.3118763668 701161.8752062522, 1721981.6665922988 701141.3566301881, 1722753.591129388 701455.6620770177, 1722761.9493459421 701435.1342033551, 1722902.301504661 701492.2796118219, 1722893.9426071688 701512.8091578755, 1723034.2945656506 701569.9564344607, 1723025.9347425746 701590.487553299, 1723096.1105616114 701619.0621011915, 1723087.7501534026 701639.5939566077, 1723368.4532695313 701753.8959823782, 1723360.0912546623 701774.4310829405, 1723430.2669937029 701803.0075479469, 1723438.6293490757 701782.4716111892, 1723578.9818688165 701839.6230156681, 1723570.6188324345 701860.1606248211, 1724061.854055343 702060.1979361373, 1724070.2194752758 702039.6544735561, 1724280.7516818622 702125.3829757355, 1724289.1178785048 702104.8369048303, 1724359.2958617462 702133.4123339547, 1724367.6621540587 702112.8653271399, 1724508.0191623827 702170.0146598755, 1724499.6521890855 702190.5633391391, 1724990.9031242598 702390.5934003067, 1724999.2724810215 702370.0388674276, 1725420.351446907 702541.4900989461, 1725445.4641762709 702479.8108495001, 1725375.2830263118 702451.2380304966, 1725383.6531056694 702430.6789174556, 1725313.4717356088 702402.1069837118, 1725346.9482415193 702319.8728793118, 1725276.765630073 702291.3043396336, 1725285.133803715 702270.7464005081, 1725355.3167555712 702299.314103909, 1725363.6850246496 702278.7552287909, 1725784.7873058242 702450.1574603404, 1725793.1573722772 702429.5934677671, 1726003.7111591897 702515.2927361367, 1726020.4525992638 702474.1594339737, 1726231.009512083 702559.8541255535, 1726222.6378934516 702580.423335434, 1726573.5667880331 702723.2529831884, 1726565.1932223644 702743.8262748696, 1726775.7509832247 702829.5271607091, 1726759.0010740221 702870.6784625967, 1727180.115763367 703042.0915939175, 1727188.4928830334 703021.5109749798, 1727328.8660908306 703078.6474051104, 1727337.2436460746 703058.065013705, 1727407.4307711255 703086.6324660127, 1727399.0528754753 703107.2156937452, 1727609.6139524512 703192.920853951, 1727592.8553828273 703234.092027866, 1727663.0419686711 703262.6621853625, 1727721.6950524969 703118.5554751148, 1727791.8841416594 703147.1198273038, 1727766.7475564259 703208.8829540686, 1727836.9357449815 703237.4498643536, 1727870.4520628233 703155.0954835921, 1727800.2625127682 703126.5319187066, 1727808.6406385563 703105.9439102774, 1727878.830528962 703134.5066388029, 1727887.2087497695 703113.9176941791, 1728167.9708781962 703228.1657533456, 1728151.2114684782 703269.3502336837, 1728221.401621275 703297.9140438541, 1728213.0212079973 703318.5069706086, 1728283.211140997 703347.0716662079, 1728266.4488975508 703388.2588928505, 1728406.82776374 703445.391776693, 1728398.4455931485 703465.9869129197, 1728468.6348667126 703494.5542648081, 1728460.2521103106 703515.1501375069, 1728530.4411640514 703543.7183748271, 1728522.0578218207 703564.3149839878, 1728592.2466557298 703592.8841067394, 1728625.7799137125 703510.4937253259, 1728695.9702298231 703539.059551727, 1728670.8196332972 703600.8549967116, 1728741.0090488123 703629.4233812805, 1728732.6246853305 703650.0224994998, 1729083.5718699477 703792.8693404895, 1729091.9579355253 703772.2660404767, 1729232.3383345695 703829.4034478249, 1729257.4971006848 703767.5879300205, 1729397.880024694 703824.7205155274, 1729431.4243317388 703742.2917350915, 1729501.6173361903 703770.8547559326, 1729493.2312873998 703791.4629373265, 1729563.4240721539 703820.0268436639, 1729538.2634313032 703881.8532974413, 1729608.455315596 703910.4197620561, 1729566.5143007855 704013.4660347248, 1729496.324118565 703984.8953882318, 1729471.1575841825 704046.719443274, 1729611.5360265584 704103.8658035367, 1729603.146009699 704124.4752946658, 1729673.3350714059 704153.049384832, 1729631.3796009652 704256.0995225104, 1729701.567080815 704284.6778435201, 1729718.3506867818 704243.4564157326, 1729788.538968347 704272.0331131988, 1729796.9307434487 704251.4214129719, 1729937.3083496338 704308.5732826124, 1729928.9158935172 704329.1866555334, 1729999.1045371338 704357.7635004064, 1730015.8898847501 704316.5349818614, 1729945.700560127 704287.9598096907, 1729996.048664926 704164.2768723129, 1730066.24003233 704192.8470262787, 1730091.4117899719 704131.0016986621, 1730021.2194013125 704102.4340538534, 1730029.6091555054 704081.8195810869, 1729959.4165471436 704053.2528217927, 1729967.8057153118 704032.6390854545, 1729897.6128872538 704004.0732116739, 1729906.0014694168 703983.4602117729, 1729695.4226882104 703897.7653943002, 1729712.1970735095 703856.5441130524, 1729571.810461298 703799.4178258714, 1729580.1966048712 703778.8087081511, 1729510.003139419 703750.246474615, 1729518.3886970845 703729.6380933758, 1729378.00144748 703672.5154463991, 1729361.2314479386 703713.7287633459, 1729291.0386847889 703685.1658406956, 1729265.8828650042 703746.9825575678, 1729125.4997427897 703689.8518412103, 1729117.1146592328 703710.4555409033, 1728976.7327003 703653.32334816, 1728968.348052017 703673.9252751915, 1728898.15759387 703645.3584160836, 1728906.5419017638 703624.7573254228, 1728766.160666531 703567.6254272085, 1728782.927184393 703526.4262916787, 1728642.545070085 703469.2979352835, 1728650.9272801126 703448.6998904394, 1728580.736063499 703420.1366222332, 1728572.3541938278 703440.7338307016, 1728431.9728030732 703383.6057687555, 1728423.5913687034 703404.201204608, 1728353.4011945631 703375.6364108734, 1728361.7822885686 703355.0418113883, 1728291.5918946378 703326.4779030889, 1728316.7326832167 703264.6960145778, 1728246.541388823 703236.1346644611, 1728288.436093719 703133.167035212, 1728218.2432183775 703104.6099160927, 1728226.6210829203 703084.0169271297, 1728016.0421594356 702998.3483732503, 1728007.665315709 703018.938853023, 1727937.4729225915 702990.3819300907, 1727929.096173796 703010.9714736562, 1727718.5207385153 702925.2984899365, 1727701.768546679 702966.4722593299, 1727561.3868869743 702909.3538365273, 1727578.1377176377 702868.183412643, 1727507.9463879787 702839.625947547, 1727499.5714355782 702860.2103730111, 1727218.8086831449 702745.9776574125, 1727202.0607649186 702787.1395180142, 1727061.681472862 702730.0201089113, 1727053.307826524 702750.5992168224, 1726912.9296970102 702693.4783311002, 1726929.6753832402 702652.3233609266, 1726859.4858185733 702623.7646643035, 1726842.7408129573 702664.9179617688, 1726561.9864813325 702550.6769745983, 1726570.357745491 702530.1037211417, 1726359.792240513 702444.426004396, 1726343.0515089317 702485.5673935094, 1726202.6764690066 702428.4458153368, 1726185.936118301 702469.5834601645, 1726115.7494596287 702441.0210719244, 1726099.0088092613 702482.1566451556, 1726028.8229517003 702453.5926332804, 1726045.5629213667 702412.4587326853, 1725975.3765035106 702383.896442445, 1725983.7457804033 702363.3301788722, 1725843.3726252166 702306.2074180202, 1725835.004028992 702326.772008952, 1725764.8179723185 702298.2098656947, 1725748.0807254435 702339.3370757742, 1725677.8954698506 702310.7733088861, 1725686.2638754505 702290.2105900144, 1725616.0783998834 702261.6477084244, 1725624.4462201216 702241.0857261497, 1725554.2605245882 702212.5237298581, 1725562.627759484 702191.9624841913, 1725492.441843988 702163.4013731958, 1725500.8084935606 702142.840864145, 1725290.2504482833 702057.1603339764, 1725340.4390756877 701933.8102401253, 1725410.627012128 701962.3653499127, 1725444.0825586019 701880.1266153175), (1725180.0496729014 701724.8065770708, 1725171.6880045247 701745.3632640835, 1725101.498848332 701716.8125318566, 1725109.8601765113 701696.2566811992, 1725180.0496729014 701724.8065770708), (1729698.5054066482 704091.2181024594, 1729768.6956104261 704119.7897326727, 1729760.3054038105 704140.4010964679, 1729830.4953878087 704168.973612169, 1729822.1045951282 704189.5857123478, 1729751.9149515966 704161.0123602855, 1729743.5242537858 704181.6235241243, 1729673.3350714059 704153.049384832, 1729698.5054066482 704091.2181024594), (1729628.3153235447 704062.6465213681, 1729636.7046036692 704042.0367303337, 1729706.895027218 704070.6074750588, 1729698.5054066482 704091.2181024594, 1729628.3153235447 704062.6465213681), (1725270.2512595984 701905.2551793013, 1725278.6148331931 701884.6973178264, 1725348.8029895306 701913.2515423112, 1725340.4390756877 701933.8102401253, 1725270.2512595984 701905.2551793013), (1723051.0134778705 701528.8938979512, 1723076.0900113545 701467.2993461506, 1723286.6239572566 701553.008084905, 1723303.342465502 701511.9395350353, 1723443.7003921214 701569.0755939669, 1723435.3405795128 701589.6115911643, 1723716.0565137162 701703.8876412183, 1723732.7786175122 701662.8088573224, 1723873.1386676508 701719.943831057, 1723864.77705731 701740.4849453042, 1724005.13690762 701797.6217873199, 1724021.8612451511 701756.5361142035, 1724092.0420314963 701785.1029361415, 1724083.679644723 701805.6466587717, 1724153.8602109307 701834.2143659148, 1724162.2229381034 701813.6698070316, 1724372.7663795527 701899.370713438, 1724364.4026311785 701919.9177810886, 1724434.5836784833 701948.4856840672, 1724442.9477672596 701927.9377801579, 1724513.129275258 701956.504895842, 1724504.7648460795 701977.0536360116, 1724645.1275421532 702034.1896868007, 1724653.492652138 702013.6392741067, 1724723.674521029 702042.2065366908, 1724732.0397265342 702021.6551880537, 1724802.2220561313 702050.2216633402, 1724793.8565102315 702070.7738482472, 1725214.9509722095 702242.1787460954, 1725181.4781695702 702324.4065592216, 1724970.9344821689 702238.6938546859, 1724962.5666904778 702259.248049907, 1724752.0251073574 702173.533277482, 1724735.2908319887 702214.6363513143, 1724665.111225828 702186.0631859819, 1724681.8448202775 702144.9617846368, 1724471.3046808576 702059.2475999648, 1724462.9390274307 702079.7958417576, 1724041.8640389969 701908.3637771864, 1724025.136083193 701949.4499269543, 1723954.958020317 701920.8764151176, 1723963.321780143 701900.3342262879, 1723472.0763235465 701700.3268677692, 1723463.7149469838 701720.8632030771, 1723393.537845988 701692.2900828768, 1723401.8988820866 701671.7545837807, 1723051.0134778705 701528.8938979512), (1724603.2983191735 702136.9402550478, 1724594.9317399748 702157.490069632, 1724524.752374418 702128.91700226, 1724533.118613154 702108.3680239144, 1724603.2983191735 702136.9402550478), (1722857.199568591 701402.1201559829, 1722848.8417454155 701422.6491646215, 1722778.6650452355 701394.0781572546, 1722787.0225279722 701373.5499848227, 1722857.199568591 701402.1201559829), (1723081.1255956078 701253.9483572122, 1723097.8369768963 701212.8847047428, 1723168.0184625576 701241.4449878314, 1723176.3741265347 701220.9121759904, 1723386.9203256452 701306.5908099436, 1723403.6329613912 701265.5198699398, 1723333.4500942233 701236.9619489228, 1723341.8057047704 701216.4271658472, 1723552.3556877703 701302.0985668022, 1723535.6421802605 701343.1730510676, 1723605.8250677874 701371.7319551178, 1723572.393754925 701453.8830737534, 1723502.2122286756 701425.3208246214, 1723493.8541290022 701445.8575190392, 1723423.6730633166 701417.2944825749, 1723432.0308226466 701396.758624416, 1723291.6683712248 701339.6343707761, 1723283.3112925808 701360.1685564216, 1723213.1305875187 701331.6056667278, 1723221.487325821 701311.0723173369, 1723081.1255956078 701253.9483572122), (1723869.8399307416 701527.0505092895, 1723861.4806188608 701547.5915842436, 1723791.298271346 701519.0299756548, 1723799.6572429 701498.4897369748, 1723869.8399307416 701527.0505092895), (1723746.1912035285 701428.8499099893, 1723754.5491005266 701408.3102087987, 1723894.9163978067 701465.4266868063, 1723878.19899786 701506.5093347305, 1723808.0159697016 701477.9493986941, 1723816.3744517504 701457.408960814, 1723746.1912035285 701428.8499099893), (1722695.0470175277 700594.4067597553, 1722686.6988188382 700614.9338362892, 1722546.3258827624 700557.8443055064, 1722554.6734011995 700537.3189016191, 1722695.0470175277 700594.4067597553)), ((1727836.9357449815 703237.4498643536, 1727828.5560522047 703258.0382099303, 1727898.7440208935 703286.6060056143, 1727907.124054071 703266.0168236963, 1727836.9357449815 703237.4498643536)), ((1728794.4289316686 703699.1916241762, 1728583.86272765 703613.4814523526, 1728558.709470827 703675.2728897694, 1728348.1474161358 703589.5556326793, 1728331.379393936 703630.744406776, 1728682.3133499809 703773.6151106663, 1728699.0847768914 703732.4179732779, 1728769.2726108197 703760.9905886727, 1728760.88667962 703781.5900436635, 1728831.0742936837 703810.1635444915, 1728856.2323722842 703748.3623707314, 1728786.0437368453 703719.7913789264, 1728794.4289316686 703699.1916241762)), ((1728831.0742936837 703810.1635444915, 1728822.687776549 703830.7637358891, 1728892.875170744 703859.3381221521, 1728901.2620283575 703838.7370944202, 1728831.0742936837 703810.1635444915)), ((1728912.7343418445 704011.5216430636, 1728982.9199341813 704040.101145474, 1728974.5306771668 704060.7031462035, 1729044.7160495718 704089.2835340399, 1729036.3262065104 704109.8862711093, 1729176.6966320765 704167.0488667605, 1729168.305862377 704187.6531764669, 1729238.4909155385 704216.235384287, 1729221.7079584235 704257.4453763466, 1729432.2617982272 704343.1973124065, 1729423.8689295768 704363.8046673392, 1729564.23807816 704420.9745430014, 1729547.4502417298 704462.1922980173, 1729617.634315773 704490.7789821571, 1729609.2396885697 704511.3885459241, 1729679.4235426434 704539.9761155049, 1729662.6328702052 704581.1966155192, 1729732.8161636456 704609.7859068267, 1729741.2119633143 704589.1748705519, 1729811.3957180877 704617.7633747299, 1729828.187261921 704576.5393294765, 1729687.8185104828 704519.3657154457, 1729696.2132327342 704498.7552153569, 1729626.028697398 704470.1693183647, 1729651.2103687937 704408.3397268559, 1729721.3959259482 704436.9231149353, 1729738.1831601285 704395.7012145552, 1729667.9969218115 704367.1194991048, 1729676.3898299432 704346.509235215, 1729606.2033717304 704317.9284052236, 1729631.3796009652 704256.0995225104, 1729561.1922417851 704227.5212506341, 1729527.624807185 704309.956215623, 1729457.4389308635 704281.3746475867, 1729482.6138535014 704219.5510827968, 1729412.4270761735 704190.9720728513, 1729429.2084490818 704149.7575357049, 1729359.0211113486 704121.1802475422, 1729333.849705263 704182.999394311, 1729404.0360213956 704211.5791914503, 1729378.8613837797 704273.3999473148, 1729308.6760893376 704244.8176412354, 1729317.0675401818 704224.2116589146, 1729246.8820258104 704195.630238274, 1729263.663509776 704154.4196462983, 1729193.4774349278 704125.8399474098, 1729218.6467978174 704064.0258185813, 1729148.459822013 704035.4486777806, 1729182.01417324 703953.0317851759, 1729111.8259560792 703924.458038826, 1729128.6009776674 703883.2506655039, 1729198.7898757604 703911.8227391614, 1729207.1773587437 703891.2180662361, 1729066.7990022867 703834.0756407301, 1729033.2503209761 703916.4870419899, 1728892.875170744 703859.3381221521, 1728876.1007190926 703900.5398778026, 1728946.287552909 703929.1159858274, 1728912.7343418445 704011.5216430636)), ((1729746.5764088265 704375.0901143448, 1729816.7631083843 704403.6710426151, 1729841.9424025365 704341.8346329439, 1729701.567080815 704284.6778435201, 1729693.1749094464 704305.2884074192, 1729763.3621694325 704333.8676138958, 1729746.5764088265 704375.0901143448)))",+99387-106825,4.9114179316731885,2912,1,True,704403.6710426151
14,20,"POLYGON ((1733781.2531055606 706523.898730792, 1733851.4399003235 706552.5001750551, 1733868.277550516 706511.179849302, 1733798.0900741606 706482.5800776974, 1733831.761057291 706399.9415678201, 1733901.9498967126 706428.5379940594, 1733893.53217944 706449.1986083296, 1733963.720799088 706477.7959202069, 1733946.8839444546 706519.1185205168, 1734017.0720035534 706547.7175543766, 1734008.6528661638 706568.3795403998, 1734078.840705465 706596.9794598965, 1734070.420981081 706617.6421819332, 1734140.608600584 706646.2429870697, 1734132.188289186 706666.9064451115, 1734202.375688881 706695.5081358874, 1734193.9547904497 706716.1723299238, 1734264.1419703313 706744.7749063403, 1734255.7204848474 706765.4398363626, 1734115.3469277339 706708.2330601859, 1734123.767731569 706687.5698028177, 1734053.5807936836 706658.9673250193, 1734036.7396214544 706700.292066768, 1734106.9258776824 706728.8962172121, 1734098.504581415 706749.5592738948, 1734028.3186660307 706720.954287134, 1734019.897464403 706741.6164071566, 1733949.7120108635 706713.0106333962, 1733958.1328716383 706692.349349685, 1733887.9471982275 706663.744461543, 1733896.3674719657 706643.0839138062, 1733826.1815786934 706614.4799112837, 1733834.601265414 706593.820099532, 1733764.4151522836 706565.2169826266, 1733781.2531055606 706523.898730792), (1734008.6528661638 706568.3795403998, 1734000.2334825736 706589.0414261009, 1733930.04610505 706560.4407195688, 1733938.465147848 706539.7796702018, 1734008.6528661638 706568.3795403998))",+99349-106761,0.09155008396704778,54,1,True,706765.4398363626
15,4,"MULTIPOLYGON (((1710820.7704764344 710157.080556167, 1710890.7386178952 710186.1241426896, 1710907.6628689917 710145.3510017984, 1710977.631821897 710174.392970397, 1710986.0939291143 710154.0054149743, 1710916.1246301585 710124.9642801072, 1710941.5084561165 710063.8035100872, 1710871.5382383852 710034.7649259573, 1710863.0775520108 710055.151116376, 1710793.1077996134 710026.1117480221, 1710784.6472163533 710046.4970038882, 1710714.6779292917 710017.4568513145, 1710655.449467704 710160.1449833529, 1710585.4827224216 710131.0990442721, 1710619.327630624 710049.5669085915, 1710549.3596203043 710020.5243538732, 1710557.8198940984 710000.1419016272, 1710487.8516570118 709971.100230143, 1710470.9315586765 710011.8633663906, 1710400.9641329977 709982.8200769873, 1710392.504065616 710003.2006601878, 1710252.5702642405 709945.112562502, 1710235.6507852944 709985.8700916694, 1710165.6847556923 709956.8244496953, 1710157.2249980834 709977.2022293784, 1710087.2594338448 709948.1558032226, 1710070.339882421 709988.9093927989, 1710000.3751296755 709959.8613487862, 1709991.915335892 709980.2371586879, 1709921.9510485271 709951.188330509, 1709913.4913580946 709971.5632059331, 1710053.4193597864 710029.6625791468, 1710036.4978659507 710070.4153622437, 1710176.4249600226 710128.5182681945, 1710151.0388211873 710189.6516886448, 1710081.076253075 710160.5977099312, 1710072.61406737 710180.9744814297, 1710002.6519647145 710151.9197185899, 1709994.18988242 710172.2955556075, 1709924.2282452283 710143.2400086477, 1709915.7662663637 710163.6149111929, 1709845.805094637 710134.5585801167, 1709820.418740089 710195.6801818568, 1709890.3788730912 710224.7390138245, 1709864.9892948247 710285.8622088912, 1709795.0302006365 710256.8008760692, 1709769.639476312 710317.920662675, 1709909.555706118 710376.0483794904, 1709960.339125334 710253.7978953203, 1710100.2599875673 710311.915806907, 1710125.6504970249 710250.7842015753, 1710335.5358010223 710337.9539377367, 1710360.9272411175 710276.8139219562, 1710290.9643152046 710247.7597946557, 1710299.4272966878 710227.3804213556, 1710439.3539601811 710285.4870581689, 1710456.2805793642 710244.7246743826, 1710526.2447823952 710273.7763997514, 1710551.6339282067 710212.629566716, 1710481.668686705 710183.5803423842, 1710473.2062271175 710203.9618872221, 1710403.2414510474 710174.9118787353, 1710420.1654350786 710134.1503555923, 1710280.2348562095 710076.0538219207, 1710271.7736778907 710096.43296654, 1710201.8089134982 710067.3839403015, 1710184.8865206672 710108.1402597196, 1710114.9225678395 710079.0896156523, 1710140.3047544227 710017.9574863245, 1710210.269745682 710047.0056293637, 1710218.7303350437 710026.6272176103, 1710288.6957916957 710055.6745764813, 1710297.1564843482 710035.2952302264, 1710577.0208881788 710151.4818261315, 1710560.09649107 710192.2470873562, 1710630.0621979986 710221.2955275278, 1710604.6727423542 710282.4451641416, 1710674.637530136 710311.496154901, 1710700.0280242243 710250.3440172293, 1710839.9600345844 710308.4411452289, 1710823.0318968392 710349.2126726197, 1710892.997388692 710378.2629783063, 1710918.390269363 710317.1030348564, 1710848.4237390899 710288.0552302529, 1710873.8133951225 710226.8968802404, 1710803.8459458305 710197.8516262865, 1710820.7704764344 710157.080556167), (1710341.7385615523 710125.4820422983, 1710324.814784122 710166.2416964208, 1710254.8505927606 710137.190953309, 1710271.7736778907 710096.43296654, 1710341.7385615523 710125.4820422983), (1710778.4573281268 710259.0074751831, 1710708.4910364717 710229.959769646, 1710733.8786158483 710168.8064218612, 1710803.8459458305 710197.8516262865, 1710778.4573281268 710259.0074751831), (1710462.4711452187 710032.2447833002, 1710532.4383441044 710061.2889559284, 1710515.5160964315 710102.0531547138, 1710445.5495897292 710073.0073146769, 1710462.4711452187 710032.2447833002)), ((1710091.7959987996 710332.2928069825, 1710231.7166455367 710390.4125839678, 1710240.181326833 710370.033916635, 1710100.2599875673 710311.915806907, 1710091.7959987996 710332.2928069825)))",+98804-107025,0.2701299530107224,161,1,True,710378.2629783063
16,23,"POLYGON ((1722017.0889824699 728724.089953523, 1721947.2946807377 728694.5543645099, 1721929.9283728297 728735.5905901294, 1721860.134895132 728706.0533886721, 1721851.451726409 728726.570514644, 1721781.6587208014 728697.0325323917, 1721790.3415375636 728676.5162380548, 1721720.5483001226 728646.9791382764, 1721746.5942277818 728585.4321294418, 1721816.388521044 728614.9667342943, 1721833.7519543478 728573.933214524, 1722043.1376664287 728662.532344165, 1722017.0889824699 728724.089953523), (1721955.9774679586 728674.0360965043, 1721947.2946807377 728694.5543645099, 1721877.5004991465 728665.0188263381, 1721886.1829344358 728644.5013899815, 1721955.9774679586 728674.0360965043))",+98231-106799,0.027091010142833792,16,1,True,728735.5905901294
